type,type_area,eoo_km2,nat1990,nat2018,nat2022,prpnat1990,prpnat2018,prpnat2022,ard9022,nat40_9022,prplost9040_9022,ard1822,nat40_1822,prplost9040_1822,ard9018,nat40_9018,prplost9040_9018,rod9022,rod1822,rod9018,A3_24,A2b_24,B1ai_24,A3_18,A2b_18,B1ai_18
Albany Thicket_Depression,24915600,338259.8694816168,18120800,17181600,17052400,0.7272873219990689,0.6895920628040264,0.6844065565348617,33387.5,16451425,0.092124795814754315,32300,15566600,0.14095404176416051,33542.857142857145,16443657.142857142,0.09255346657668857,0.18424959162950863,0.28190808352832103,0.18510693315337715,LC,LC,LC,LC,LC,LC
Albany Thicket_Floodplain,28880400,51423.98752500638,20408800,17678400,17530400,0.7066661126577194,0.6121244858104459,0.6069999030484342,89950,15911300,0.2203706244365176,37000,15828400,0.22443259770295168,97514.28571428571,15533085.714285715,0.2389025462405573,0.4407412488730352,0.44886519540590336,0.4778050924811146,LC,LC,LC,LC,LC,LC
Albany Thicket_Seep,5137600,76839.00041013662,4067600,3756000,3723200,0.7917315478044223,0.7310806602304578,0.7246963562753036,10762.5,3529475,0.13229545678041105,8200,3346000,0.17740190775887502,11128.57142857143,3511171.4285714286,0.1367953022491325,0.2645909135608221,0.35480381551775003,0.273590604498265,LC,LC,LC,LC,LC,LC
Albany Thicket_Unchannelled valley-bottom,4383200,7860.958680059666,2186800,1953600,1946400,0.4989049096550465,0.4457017703960577,0.44405913487862747,7512.5,1811175,0.17176925187488568,1800,1863600,0.14779586610572526,8328.57142857143,1770371.4285714286,0.19042828398965217,0.34353850374977135,0.2955917322114505,0.38085656797930434,VU,LC,LC,VU,LC,EN
Bushmanland_Depression,3270560800,149852.38726466298,3221562400,3209965200,3207307200,0.9850183491467274,0.9814724129268595,0.9806597082677686,445475,3199288650,0.006913958891499355,664500,3176740200,0.013913186967913457,414185.71428571426,3200853114.285714,0.0064283360503232375,0.013827917782998708,0.027826373935826917,0.012856672100646475,LC,LC,LC,LC,LC,LC
Bushmanland_Floodplain,201226800,88930.07603925446,194210800,193090800,192248000,0.9651338688484834,0.9595680098277168,0.9553797009145899,61337.5,191143925,0.015791475036403744,210700,182555800,0.06001211055203933,40000,192210800,0.010298088468818418,0.03158295007280749,0.12002422110407866,0.020596176937636837,LC,LC,LC,LC,LC,LC
Bushmanland_Seep,16569600,37523.155088744614,16537200,16506000,16504400,0.9980446118192352,0.9961616454229433,0.9960650830436462,1025,16485950,0.003099073603753961,400,16486000,0.003096050117311274,1114.2857142857142,16481485.714285715,0.0033690277504224084,0.006198147207507921,0.006192100234622548,0.006738055500844817,LC,LC,LC,LC,LC,LC
Bushmanland_Unchannelled valley-bottom,707236400,14806.891026686615,684238000,682400800,681989600,0.9674813117650619,0.9648835947923495,0.964302176754477,70262.5,680724875,0.00513436114334486,102800,677260800,0.010197036703603132,65614.28571428571,680957285.7142857,0.0047946975843409295,0.01026872228668972,0.020394073407206264,0.009589395168681859,LC,LC,LC,LC,LC,LC
Central Bushveld_Depression,52908400,153118.50425788187,43488400,41768800,41000800,0.8219564379191205,0.7894549825736557,0.7749393291046413,77737.5,39601525,0.08937728221778682,192000,32168800,0.26029010034859873,61414.28571428572,40417685.71428572,0.07060996232821358,0.17875456443557364,0.5205802006971975,0.14121992465642716,LC,LC,LC,LC,LC,LC
Central Bushveld_Floodplain,1564450800,165517.08571235352,1140230800,1051795600,1007811200,0.7288377493239161,0.67230979715054,0.644194882958288,4138112.5,933325175,0.1814594247059455,10996100,501990600,0.5597465004453485,3158400,982310800,0.13849827596307696,0.362918849411891,1.119493000890697,0.2769965519261539,LC,EN,LC,LC,LC,LC
Central Bushveld_Seep,178070400,153740.49428175908,125938800,111988000,109062400,0.7072416302765647,0.628897334986612,0.612467877873021,527387.5,99569425,0.20938245401734812,731400,75418000,0.40115357618144687,498242.85714285716,101026657.14285713,0.19781149937225753,0.41876490803469624,0.8023071523628936,0.395622998744515,LC,VU,LC,LC,LC,LC
Central Bushveld_Unchannelled valley-bottom,392204400,146689.1724186533,306671600,287260800,284473200,0.781917795924778,0.7324262552893338,0.7253187368627175,693700,271986600,0.11310144141159469,696900,252415800,0.17691824088047278,693242.8571428572,272009457.14285713,0.11302690844911255,0.22620288282318937,0.35383648176094556,0.22605381689822507,LC,LC,LC,LC,LC,LC
Drakensberg Grassland_Depression,10914800,87652.77437771202,10399200,10316000,10300800,0.9527613882068384,0.9451387107413787,0.9437461062044197,3075,10245450,0.01478479113777983,3800,10126000,0.026271251634741134,2971.4285714285716,10250628.57142857,0.014286813271350595,0.029569582275559655,0.05254250326948227,0.028573626542701187,LC,LC,LC,LC,LC,LC
Drakensberg Grassland_Floodplain,239724000,77851.17612105829,154538400,137715600,136218800,0.6446513490514091,0.5744756469940432,0.568231799903222,572487.5,125914025,0.1852249990940763,374200,119005600,0.22992861321199132,600814.2857142857,124497685.71428572,0.19438996576717685,0.3704499981881526,0.45985722642398263,0.3887799315343537,LC,LC,LC,LC,LC,LC
Drakensberg Grassland_Seep,136792000,82462.86270556269,106005200,98473600,97270800,0.7749371308263641,0.7198783554593836,0.7110854435931926,272950,92357700,0.12874368427209232,300700,83438600,0.2128820095617951,268985.71428571426,92555914.28571428,0.12687382990915272,0.25748736854418464,0.4257640191235902,0.25374765981830544,LC,LC,LC,LC,LC,LC
Drakensberg Grassland_Unchannelled valley-bottom,18230400,56270.535146562834,11713200,11278000,10823600,0.642509215376514,0.6186370019308408,0.5937116025978585,27800,10323200,0.11866953522521599,113600,5598000,0.5220776559778711,15542.857142857143,10936057.142857144,0.06634761270556777,0.23733907045043198,1.0441553119557423,0.13269522541113554,LC,EN,LC,LC,LC,LC
Dry Highveld Grassland_Depression,1192470000,222295.3727581208,1043379600,998871200,976211600,0.874973458451785,0.8376489135995036,0.8186466745494646,2099000,938429600,0.10058659379577672,5664900,715626200,0.31412670901367057,1589585.7142857143,963900314.2857143,0.07617485114169928,0.20117318759155348,0.6282534180273411,0.15234970228339856,LC,VU,LC,LC,LC,LC
Dry Highveld Grassland_Floodplain,1460244000,196743.1601765424,1244728400,1174980800,1148752400,0.8524112408611164,0.804646894628569,0.7866852389052789,2999250,1094765900,0.12047808983871501,6557100,847125800,0.31942920238664113,2490985.714285714,1120179114.2857144,0.10006141557811778,0.24095617967743005,0.6388584047732823,0.20012283115623555,LC,VU,LC,LC,LC,LC
Dry Highveld Grassland_Seep,233539200,268321.77975358587,181246400,171029600,168870400,0.7760855565147093,0.7323378687603623,0.7230923116975652,386750,161908900,0.10669177429179283,539800,144039600,0.20528297389630912,364885.71428571426,163002114.2857143,0.1006601273972101,0.21338354858358566,0.41056594779261824,0.2013202547944202,LC,LC,LC,LC,LC,LC
Dry Highveld Grassland_Unchannelled valley-bottom,824696800,238257.52744611455,679661200,651323200,635626000,0.824134639542678,0.7897729201810896,0.7707390158419434,1376100,610856200,0.10123426201171996,3924300,455108200,0.33038961176539133,1012071.4285714285,629057628.5714285,0.07445411247334917,0.20246852402343993,0.6607792235307827,0.14890822494669834,LC,VU,LC,LC,LC,LC
East Coast Renosterveld_Depression,19494400,5515.560258511003,18196400,17531600,17512400,0.933416776099803,0.8993146749835851,0.8983297767564018,21375,17127650,0.05873414521553714,4800,17291600,0.049724121254753686,23742.85714285714,17009257.14285714,0.06524053423440121,0.11746829043107429,0.09944824250950739,0.13048106846880242,LC,LC,LC,LC,LC,LC
East Coast Renosterveld_Floodplain,350632400,24251.471728540382,223387600,166132400,163625200,0.6370991385850252,0.4738078968172936,0.46665738819344704,1867575,130008850,0.41801223523597547,626800,134792400,0.39659855784295994,2044828.5714285714,121146171.42857143,0.45768623044174594,0.8360244704719509,0.7931971156859199,0.9153724608834919,VU,VU,VU,VU,VU,VU
East Coast Renosterveld_Seep,82334400,24463.423031525144,56875600,45066000,44748400,0.6907878116558814,0.5473532326706698,0.5434957927670573,378975,37926850,0.3331613204959596,79400,41096000,0.2774405896377357,421771.4285714286,35787028.57142857,0.3707841575046493,0.6663226409919192,0.5548811792754714,0.7415683150092987,LC,LC,VU,LC,VU,VU
East Coast Renosterveld_Unchannelled valley-bottom,11472400,14167.301642170898,9244400,8264800,8235200,0.8057947770300896,0.7204072382413444,0.7178271329451553,31537.5,7667525,0.17057624075115746,7400,7894800,0.14599108649560816,34985.71428571428,7495114.285714285,0.18922652787479063,0.3411524815023149,0.2919821729912163,0.37845305574958127,LC,LC,LC,LC,LC,EN
Eastern Fynbos-Renosterveld_Depression,4272000,16108.154128042717,3299600,2592400,2586800,0.772378277153558,0.6068352059925094,0.6055243445692884,22275,2185850,0.3375409140501879,1400,2522400,0.23554370226694143,25257.14285714286,2036742.857142857,0.3827303742444972,0.6750818281003758,0.47108740453388287,0.7654607484889944,LC,LC,EN,LC,VU,EN
Eastern Kalahari Bushveld_Depression,1040715600,220927.5070424653,993974000,981452000,973402800,0.9550870574055006,0.9430549518043162,0.9353206582086403,642850,961831500,0.03233736496125653,2012300,880837000,0.113822896775972,447214.28571428574,971613285.7142857,0.022496276850012445,0.06467472992251307,0.227645793551944,0.04499255370002489,LC,LC,LC,LC,LC,LC
Eastern Kalahari Bushveld_Seep,285658000,71282.89284341483,257301600,249483600,245457200,0.9007330444097488,0.8733646528366088,0.859269476086789,370137.5,238794725,0.07192677775808623,1006600,199153600,0.22599159896401733,279214.28571428574,243340885.7142857,0.05425817128892435,0.14385355551617246,0.45198319792803465,0.1085163425778487,LC,LC,LC,LC,LC,LC
Eastern Kalahari Bushveld_Unchannelled valley-bottom,383583600,104831.18896397542,348191600,341529200,337904400,0.9077332816105798,0.8903644472808535,0.880914616787579,321475,332117850,0.04616352031467732,906200,296219200,0.14926379613982646,237942.85714285713,336294457.14285713,0.034168379872296935,0.09232704062935464,0.2985275922796529,0.06833675974459387,LC,LC,LC,LC,LC,LC
Kalahari Duneveld_Depression,342587200,95960.88259812589,336211600,334083600,333702800,0.9813898476066824,0.9751782903739544,0.9740667485533611,78400,332291600,0.01165932406853303,95200,329323600,0.02048709800613661,76000,332411600,0.011302405984802429,0.02331864813706606,0.04097419601227322,0.022604811969604857,LC,LC,LC,LC,LC,LC
Karoo Interior_Depression,669334800,405700.2604399086,650522000,646189200,644903200,0.9718932886800448,0.9654199960916421,0.9634986855606492,175587.5,641742625,0.013495892529384095,321500,630114200,0.03137142171978811,154742.85714285713,642784857.1428572,0.011893745111068965,0.02699178505876819,0.06274284343957622,0.02378749022213793,LC,LC,LC,LC,LC,LC
Karoo Interior_Floodplain,1293589200,294679.0153646207,1016352000,971885600,965469600,0.7856837394746339,0.7513093028296773,0.746349459318306,1590075,936848250,0.0782246209974497,1604000,891685600,0.1226606530021095,1588085.7142857143,936947714.2857143,0.07812675698408202,0.1564492419948994,0.245321306004219,0.15625351396816403,LC,LC,LC,LC,LC,LC
Karoo Interior_Seep,86424400,363773.30679940566,82649200,81499200,81151200,0.9563178917065088,0.9430114643549738,0.9389848237303354,46812.5,80308575,0.02831999583783025,87000,77149200,0.06654631865765186,41071.42857142857,80595628.57142857,0.024846839758538894,0.056639991675660493,0.1330926373153037,0.04969367951707779,LC,LC,LC,LC,LC,LC
Karoo Interior_Unchannelled valley-bottom,212740800,205423.4573881743,195313200,192972400,191924000,0.9180805938494168,0.9070775328474839,0.9021494701533509,105912.5,190017575,0.027113502825205874,262100,179867400,0.07908221256935015,83600,191133200,0.021401523296940502,0.05422700565041175,0.1581644251387003,0.042803046593881004,LC,LC,LC,LC,LC,LC
Knersvlakte_Depression,1584000,3661.9701498251275,1366400,1363600,1363600,0.8626262626262626,0.8608585858585859,0.8608585858585859,87.5,1362025,0.003201844262295082,0,1363600,0.0020491803278688526,100,1361400,0.003659250585480094,0.006403688524590164,0.004098360655737705,0.007318501170960188,LC,LC,LC,LC,LC,LC
Kwa-Zulu Natal Coastal Belt_Floodplain,66796000,3886.4151660982816,33752400,23878400,23356000,0.5053057069285586,0.35748248398107674,0.34966165638660995,324887.5,17508025,0.48128059041727406,130600,17348400,0.4860098837416006,352642.85714285716,16120257.142857142,0.5223967142230733,0.9625611808345482,0.9720197674832012,1.0447934284461466,VU,VU,EN,VU,EN,EN
Kwa-Zulu Natal Coastal Belt_Seep,47195600,8814.81685899056,11392000,5803200,5656400,0.24137843358279162,0.12296061497258219,0.11985015552297248,179237.5,2430125,0.7866814431179775,36700,3968200,0.6516678370786517,199600,1412000,0.8760533707865169,1.5733628862359552,1.3033356741573034,1.7521067415730336,EN,EN,EN,EN,CR,EN
Kwa-Zulu Natal Coastal Belt_Unchannelled valley-bottom,27177200,6929.909891986719,10268800,6948400,6788000,0.37784613573142195,0.25567019413331765,0.2497681880399747,108775,4830050,0.5296383219071362,40100,4943400,0.5186000311623559,118585.71428571429,4339514.285714285,0.5774078484619152,1.0592766438142724,1.0372000623247117,1.1548156969238303,EN,EN,EN,EN,EN,EN
Lowveld_Depression,90161600,503501.63480079354,77402800,70607200,69966000,0.858489645259179,0.78311831200866,0.7760066369718372,232400,65782800,0.15012376813241898,160300,62592200,0.19134449916540486,242700,65267800,0.15677727420713464,0.30024753626483797,0.3826889983308097,0.3135545484142693,LC,LC,LC,LC,LC,LC
Lowveld_Floodplain,625716800,93456.8145638143,488953200,416987600,408938000,0.781428914806187,0.6664158609773623,0.653551255136509,2500475,363929450,0.2556967619804922,2012400,316367600,0.3529695684576765,2570200,360443200,0.26282678996681075,0.5113935239609844,0.705939136915353,0.5256535799336215,LC,VU,LC,LC,LC,LC
Lowveld_Seep,238692800,101274.83067140855,149355600,130972400,129526400,0.6257231051795445,0.5487069572270299,0.5426489613427803,619662.5,118372475,0.20744535189842228,361500,112897400,0.24410333459207423,656542.8571428572,116528457.14285713,0.21979184481293548,0.41489070379684456,0.48820666918414846,0.43958368962587097,LC,LC,LC,LC,LC,LC
Lowveld_Unchannelled valley-bottom,67374000,93756.61844110898,42104400,36401600,35951600,0.6249354350342862,0.5402915071095675,0.5336123727253836,192275,32490650,0.22833124329048746,112500,30776600,0.2690407653356894,203671.42857142858,31920828.57142857,0.2418647796565544,0.45666248658097497,0.5380815306713788,0.4837295593131088,LC,LC,LC,LC,LC,LC
Maputaland Coastal Belt_Depression,223124800,35296.82801752989,201033600,194238000,190870800,0.9009917319813844,0.870535234093207,0.8554441281291905,317587.5,185154225,0.07898866159686739,841800,152148000,0.24317129076930424,242700,188898600,0.060363043789694856,0.15797732319373478,0.48634258153860854,0.12072608757938971,LC,LC,VU,LC,LC,LC
Maputaland Coastal Belt_Floodplain,560289600,10711.39824415489,417728800,359858000,344979600,0.7455587253448931,0.6422714253486055,0.6157165865652334,2273412.5,304058175,0.27211584405959083,3719600,173878000,0.5837538613569379,2066814.2857142857,314388085.71428573,0.2473870948943771,0.5442316881191817,1.1675077227138757,0.49477418978875426,LC,EN,EN,LC,LC,EN
Maputaland Coastal Belt_Seep,37421200,10920.001494747816,20683200,17086000,15782800,0.5527134351650936,0.45658610627131146,0.4217609269611878,153137.5,13026325,0.3701977933782007,325800,796000,0.9615146592403496,128471.42857142857,14259628.57142857,0.31056951673684097,0.7403955867564014,1.9230293184806992,0.6211390334736819,VU,CR,EN,VU,VU,EN
Maputaland Coastal Belt_Unchannelled valley-bottom,58330000,8876.367657462257,38917200,33952000,31927600,0.6671901251500085,0.5820675467169553,0.5473615635179153,218425,27995950,0.28062784578541106,506100,8647000,0.777810325511599,177328.57142857142,30050771.42857143,0.22782801875336794,0.5612556915708221,1.555620651023198,0.45565603750673583,LC,EN,EN,LC,LC,EN
Mesic Highveld Grassland_Depression,473276400,215528.32079582845,396883600,375169200,369296800,0.8385873455764961,0.7927063339731286,0.780298362648127,862087.5,353779225,0.1086070953801064,1468100,301764200,0.23966573574720648,775514.2857142857,358107885.71428573,0.09770047007665288,0.21721419076021284,0.47933147149441296,0.19540094015330578,LC,LC,LC,LC,LC,LC
Mesic Highveld Grassland_Floodplain,4708433200,188195.03162810713,3557538400,3314576400,3264410000,0.7555673509395865,0.7039658967658285,0.6933113121366997,9160262.5,3099525275,0.12874439387639497,12541600,2687496400,0.24456292587031528,8677214.285714285,3123677685.714286,0.12195531446286402,0.25748878775278994,0.4891258517406305,0.24391062892572804,LC,LC,LC,LC,LC,LC
Mesic Highveld Grassland_Seep,1584656800,242807.25631657822,1154049600,1062238400,1043988400,0.7282646942858542,0.6703271017421564,0.6588104124501911,3439412.5,982078975,0.14901493402016688,4562500,834113400,0.27722915895469313,3278971.4285714286,990101028.5714285,0.14206371323084507,0.29802986804033377,0.5544583179093863,0.28412742646169015,LC,LC,LC,LC,LC,LC
Mesic Highveld Grassland_Unchannelled valley-bottom,360738000,227037.3985112554,265480800,244978400,240282400,0.7359379937794188,0.6791033935986782,0.6660856355582168,787450,226108300,0.14830639353203698,1174000,186278400,0.29833569885279837,732228.5714285715,228869371.42857143,0.13790612568377286,0.29661278706407396,0.5966713977055967,0.2758122513675457,LC,LC,LC,LC,LC,LC
Mopane_Depression,12586400,39936.49867438692,11804400,11644800,11574000,0.937869446386576,0.9251890929892582,0.9195639738130045,7200,11444400,0.030497102775236352,17700,10759800,0.08849242655281081,5700,11519400,0.02414353969706211,0.060994205550472705,0.17698485310562162,0.04828707939412422,LC,LC,LC,LC,LC,LC
Mopane_Floodplain,314940800,35300.60099009352,289971200,283693200,282088400,0.9207165283126225,0.9007826232739613,0.8956870624574523,246337.5,277654325,0.04247620108479739,401200,263633200,0.09082970998499161,224214.2857142857,278760485.71428573,0.0386614749523893,0.08495240216959478,0.18165941996998322,0.0773229499047786,LC,LC,LC,LC,LC,LC
Mopane_Seep,1112800,12961.127584165984,1098000,1070800,1069200,0.9867002156721782,0.9622573687994249,0.9608195542774982,900,1053000,0.040983606557377046,400,1050800,0.04298724954462659,971.4285714285714,1049428.5714285714,0.044236273744470526,0.08196721311475409,0.08597449908925318,0.08847254748894105,LC,LC,LC,LC,LC,LC
Mopane_Unchannelled valley-bottom,48566800,4051.2880051861616,48322400,48306400,48290800,0.9949677557508422,0.9946383125921411,0.9943171055124077,987.5,48273025,0.0010217828584672946,3900,48111400,0.004366504974918464,571.4285714285714,48293828.571428575,5.912667535433956e-4,0.002043565716934589,0.008733009949836928,0.0011825335070867911,LC,LC,LC,LC,LC,LC
Namaqualand_Depression,122969200,35047.14333630676,110820800,109679600,109594000,0.9012077821112929,0.8919274094651344,0.8912313001954961,38337.5,108903925,0.017297068781311813,21400,108609600,0.01995293302340355,40757.142857142855,108782942.85714285,0.018388760438989335,0.034594137562623625,0.0399058660468071,0.03677752087797867,LC,LC,LC,LC,LC,LC
Northwest Fynbos_Depression,11346000,28828.45779763617,10131200,9936000,9930000,0.8929314295787062,0.8757271285034374,0.8751983077736647,6287.5,9816825,0.031030381396083388,1500,9861000,0.02667008843967151,6971.428571428572,9782628.57142857,0.03440573955419191,0.06206076279216678,0.05334017687934302,0.06881147910838382,LC,LC,LC,LC,LC,LC
Northwest Fynbos_Floodplain,141290000,19709.201630541236,98547200,85360400,83993600,0.6974817750725458,0.6041503291103404,0.5944766083940831,454800,75807200,0.23075237043771918,341700,68275400,0.3071807215222756,470957.14285714284,74999342.85714287,0.238950037574453,0.46150474087543836,0.6143614430445512,0.477900075148906,LC,VU,EN,LC,LC,EN
Northwest Fynbos_Seep,33123200,17293.967361345458,23496800,20609600,20377200,0.7093759057095933,0.6222104144527099,0.6151941841367984,97487.5,18622425,0.2074484610670389,58100,17704600,0.24651016308603724,103114.28571428571,18341085.714285716,0.21942197600159527,0.4148969221340778,0.49302032617207453,0.43884395200319054,LC,LC,EN,LC,LC,EN
Northwest Fynbos_Unchannelled valley-bottom,6888800,6268.466544469928,3565200,3156000,3123200,0.5175357101381953,0.4581349436766926,0.4533735919173151,13812.5,2874575,0.19371283518456187,8200,2746000,0.22977673061819814,14614.285714285714,2834485.7142857146,0.20495744578544975,0.38742567036912373,0.45955346123639623,0.4099148915708995,VU,LC,EN,VU,LC,EN
Pondoland Coastal Belt_Floodplain,3786400,2978.645470199349,2595600,2490000,2485200,0.6855060215508134,0.6576167335727868,0.6563490386646947,3450,2423100,0.066458622283865,1200,2430000,0.0638002773925104,3771.4285714285716,2407028.5714285714,0.07265041939105742,0.13291724456773,0.1276005547850208,0.14530083878211483,LC,LC,LC,LC,LC,LC
Pondoland Coastal Belt_Seep,15630800,4511.937138163791,11924000,10854000,10813200,0.7628528290298641,0.6943982393735445,0.6917880082913223,34712.5,10188375,0.14555727943643074,10200,10344000,0.13250587051325058,38214.28571428572,10013285.714285715,0.16024105046245266,0.2911145588728615,0.26501174102650116,0.3204821009249053,LC,LC,LC,LC,LC,EN
Pondoland Coastal Belt_Unchannelled valley-bottom,4839200,2092.699905669812,3806800,3657200,3647600,0.7866589518928748,0.7557447511985452,0.753760952223508,4975,3558050,0.0653435956709047,2400,3537200,0.07082063675528003,5342.857142857143,3539657.1428571427,0.070175175250304,0.1306871913418094,0.14164127351056005,0.140350350500608,LC,LC,LC,LC,LC,LC
Southern Fynbos_Depression,15005600,26966.123159079572,14762000,14728800,14719200,0.983766060670683,0.9815535533400863,0.9809137921842512,1337.5,14695125,0.004530212708305108,2400,14608800,0.010377997561306055,1185.7142857142858,14702714.285714285,0.004016103121915361,0.0090604254166102155,0.02075599512261211,0.008032206243830721,LC,LC,LC,LC,LC,LC
Southern Fynbos_Floodplain,235901200,62791.0091245054,140746800,119064000,117545200,0.59663452326652,0.5047197725149343,0.4982814839432779,725050,104494300,0.25757246345920476,379700,100079000,0.2889429812969105,774385.7142857143,102027514.28571428,0.2750988705553925,0.5151449269184095,0.577885962593821,0.550197741110785,VU,LC,LC,LC,LC,LC
Southern Fynbos_Seep,111568000,68268.8445284912,80792400,73550400,72926000,0.72415387924853,0.6592427936325829,0.6536462067976481,245825,68501150,0.15213374030230567,156100,65745400,0.18624276540862755,258642.85714285713,67860257.14285715,0.16006632872823248,0.30426748060461134,0.3724855308172551,0.32013265745646496,LC,LC,LC,LC,LC,LC
Southern Fynbos_Unchannelled valley-bottom,23747600,49431.69230279467,16704800,14386400,14266000,0.7034310835621284,0.6058043760211558,0.600734390001516,76212.5,12894175,0.22811557157224271,30100,12881400,0.22888032182366744,82800,12564800,0.2478329581916575,0.45623114314448543,0.4577606436473348,0.495665916383315,LC,LC,VU,LC,LC,VU
Southwest Fynbos_Depression,7000000,3560.179104546961,6738400,6516000,6501200,0.9626285714285714,0.9308571428571428,0.9287428571428571,7412.5,6367775,0.055001929241362935,3700,6331000,0.06045945625074202,7942.857142857143,6341257.142857143,0.05893726361493192,0.11000385848272587,0.12091891250148404,0.11787452722986384,LC,LC,LC,LC,LC,LC
Southwest Fynbos_Floodplain,354359600,28886.161353926567,242231200,209919600,207182400,0.6835745384067484,0.5923914577169632,0.584667100877188,1095275,187467450,0.226080496649482,684300,175704600,0.27464092156584285,1153985.7142857143,184531914.28571427,0.2381992316195673,0.452160993298964,0.5492818431316857,0.47639846323913454,LC,LC,VU,LC,LC,VU
Southwest Fynbos_Seep,203046400,29174.41909518857,150540400,143367600,142150000,0.741408860240812,0.706082944588035,0.7000862856962744,262200,137430400,0.08708625724390263,304400,128147600,0.14874943868888352,256171.42857142858,137731828.57142857,0.08508394709042512,0.17417251448780527,0.29749887737776703,0.17016789418085024,LC,LC,LC,LC,LC,LC
Southwest Fynbos_Unchannelled valley-bottom,13875200,16255.564064085478,10197600,9446400,9355200,0.7349515682656826,0.6808118081180812,0.6742389298892989,26325,8881350,0.12907448811485056,22800,8306400,0.18545540127088728,26828.571428571428,8856171.42857143,0.13154355646706783,0.2581489762297011,0.37091080254177455,0.26308711293413567,LC,LC,EN,LC,LC,LC
Sub-Escarpment Grassland_Depression,46076800,157367.15233447414,33258800,30212400,30051200,0.7218122786304605,0.6556965761511216,0.6521980693103687,100237.5,28246925,0.15069319999518924,40300,28197400,0.15218227957713448,108800,27818800,0.16356573297894092,0.3013863999903785,0.30436455915426897,0.32713146595788184,LC,LC,LC,LC,LC,LC
Sub-escarpment Grassland_Floodplain,1225455600,134789.44044241193,674886400,564311200,547233200,0.5507228495263312,0.46049093904340554,0.44655489762338185,3989162.5,475428275,0.29554325735412657,4269500,350836200,0.48015517870859453,3949114.285714286,477430685.71428573,0.292576223621804,0.5910865147082531,0.9603103574171891,0.585152447243608,VU,VU,LC,VU,LC,LC
Sub-escarpment Grassland_Seep,1360119200,131741.62781013208,786592000,674185200,664173200,0.5783257820343982,0.4956809667858523,0.48831984726044597,3825587.5,595312625,0.24317482888206338,2503000,549035200,0.3020076481835564,4014528.5714285714,585865571.4285715,0.255184935228719,0.48634965776412675,0.6040152963671128,0.510369870457438,VU,VU,LC,VU,LC,LC
Sub-escarpment Grassland_Unchannelled valley-bottom,272607200,117316.23893069109,161446400,140270000,138568400,0.5922308728456182,0.5145498724905285,0.5083079243688354,714937.5,125699525,0.22141636481209861,425400,119000000,0.26291326409260285,756300,123631400,0.2342263438515817,0.44283272962419723,0.5258265281852057,0.46845268770316334,LC,LC,LC,LC,LC,LC
Sub-escarpment Savanna_Depression,3860000,118572.82128292414,2410400,2193200,2151600,0.6244559585492228,0.5681865284974094,0.5574093264248705,8087.5,2006025,0.16776261201460338,10400,1673200,0.30584135413209423,7757.142857142857,2022542.8571428573,0.1609098667678156,0.33552522402920676,0.6116827082641885,0.3218197335356312,LC,VU,LC,LC,LC,LC
Sub-escarpment Savanna_Floodplain,172450400,83434.90555992148,73617200,58523600,57272800,0.42688912290142556,0.3393648260601309,0.33211172603832756,510762.5,48079075,0.34690432398950244,312700,42888600,0.4174106051303228,539057.1428571428,46664342.85714286,0.36612173707852436,0.6938086479790049,0.8348212102606455,0.7322434741570487,VU,VU,LC,VU,VU,LC
Sub-escarpment Savanna_Seep,192166800,87480.10948114113,81173200,65342400,64498800,0.4224101145463212,0.3400295992856206,0.33563966304273163,521075,55119450,0.32096492438390994,210900,54797400,0.3249323668402872,565385.7142857143,52903914.28571428,0.34825885531537154,0.6419298487678199,0.6498647336805744,0.6965177106307431,VU,VU,LC,VU,VU,LC
Sub-escarpment Savanna_Unchannelled valley-bottom,19172800,66041.95012052584,7862400,6197200,6132800,0.41008094800968037,0.3232287407160144,0.3198698155720604,54050,5159900,0.34372456247456246,16100,5392200,0.3141788766788767,59471.42857142857,4888828.571428571,0.37820149427292293,0.6874491249491249,0.6283577533577533,0.7564029885458459,VU,VU,LC,VU,VU,LC
West Coast_Depression,5930400,2474.3197750213844,5695600,5455600,5423600,0.9604073924187239,0.9199379468501282,0.9145420207743153,8500,5270600,0.07461900414354941,8000,5055600,0.11236744153381557,8571.42857142857,5267028.571428572,0.07524605459853714,0.14923800828709882,0.22473488306763112,0.1504921091970743,LC,LC,LC,LC,LC,LC
West Coast_Floodplain,199048800,14642.297185075464,133721600,112300800,110860000,0.6718030955223041,0.5641872746783704,0.5569488487245339,714425,98000350,0.2671314881066335,360200,94290800,0.2948723317698861,765028.5714285715,95470171.42857143,0.28605272873962445,0.534262976213267,0.5897446635397722,0.5721054574792489,LC,LC,EN,LC,LC,EN
West Coast_Seep,33168800,14671.048177438826,22760000,19257200,18968800,0.686187019126408,0.58058175152553,0.5718868334097104,118475,16836250,0.2602702108963093,72100,15652200,0.31229349736379614,125100,16505000,0.2748242530755712,0.5205404217926186,0.6245869947275923,0.5496485061511424,LC,VU,EN,LC,LC,EN
West Coast_Unchannelled valley-bottom,5792800,4894.943101501653,4214000,3173600,3091600,0.7274547714404088,0.5478525065598674,0.5336970031763568,35075,2460250,0.41617228286663505,20500,2148600,0.4901281442809682,37157.142857142855,2356142.8571428573,0.44087734761678754,0.8323445657332701,0.9802562885619364,0.8817546952335751,LC,VU,EN,LC,VU,EN
